cm_reservation-1-0,exp-1-0,oliver,fg82,"2015-06-17 02:15:54","2015-06-17 07:15:54",m01,task-1-0
cm_reservation-1-0,exp-1-0,oliver,fg82,"2015-07-17 02:15:54","2015-07-17 07:15:54",m01,task-1-0
cm_reservation-1-0,exp-1-0,oliver,fg82,"2015-08-17 02:15:54","2015-08-17 07:15:54",m01,task-1-0
cm_reservation-1-0,exp-1-0,oliver,fg82,"2015-09-17 02:15:54","2015-09-17 07:15:54",m01,task-1-0
cm_reservation-1-0,exp-1-0,oliver,fg82,"2015-10-17 02:15:54","2015-10-17 07:15:54",m01,task-1-0
cm_reservation-1-0,exp-1-0,oliver,fg82,"2015-11-17 02:15:54","2015-11-17 07:15:54",m01,task-1-0
cm_reservation-1-0,exp-1-0,oliver,fg82,"2015-12-17 02:15:54","2015-12-17 07:15:54",m01,task-1-0
cm_reservation-1-0,exp-1-0,oliver,fg82,"2015-01-17 02:15:54","2015-01-17 07:15:54",m01,task-1-0
cm_reservation-1-0,exp-1-0,oliver,fg82,"2015-02-17 02:15:54","2015-02-17 07:15:54",m01,task-1-0
cm_reservation-1-0,exp-1-0,oliver,fg82,"2015-03-17 02:15:54","2015-03-17 07:15:54",m01,task-1-0
cm_reservation-1-0,exp-1-0,oliver,fg82,"2015-04-17 02:15:54","2015-04-17 07:15:54",m01,task-1-0
cm_reservation-1-0,exp-1-0,oliver,fg82,"2015-05-17 02:15:54","2015-05-17 07:15:54",m01,task-1-0
python_test,exp-1-0,oliver,fg82,"2014-06-25 13:56:00","2014-06-25 13:59:00",m01,task-1-0